"","X","2004","2005","2006","2007","2008","2009","2010","2011","unit","region","df"
"1",1,1569777,1721770,1784163,1873637,1958079,2015526,2073740,2079910,"B004","AT11",2
"2",2,3444052,3405897,3664928,3778322,3920959,4072806,4185274,4249819,"B004","AT12",2
"3",3,1422466,1463772,1729523,2001513,2001114,1968814,2243764,2094173,"B004","AT13",2
"4",4,3999651,4005094,3910123,4068276,4061380,4153533,4104182,4255554,"B004","AT21",2
"5",5,4966793,5124000,5192844,5420013,5605061,5779473,5919240,6016179,"B004","AT22",2
"6",6,3344867,3401310,3487079,3563688,3732069,3799499,3793876,3861100,"B004","AT31",2
"7",7,4626173,4658156,4737189,4737133,4886629,4941937,5062489,5138655,"B004","AT32",2
"8",8,2869848,2811378,2900674,2953029,3050925,3102133,3195815,3234753,"B004","AT33",2
"9",9,740074,706691,705934,750104,762511,775132,777979,762194,"B004","AT34",2
"10",10,519809,531638,630223,722629,764196,867330,1059095,1193396,"B004","BE10",2
"11",11,1207604,1263353,1343763,1431942,1521508,1553207,1617349,1736684,"B004","BE21",2
"12",12,1892637,1893621,1951560,1967575,2003482,2086191,2017359,2084075,"B004","BE22",2
"13",13,537117,534191,603356,628675,682932,681000,740348,792464,"B004","BE23",2
"14",14,420889,431621,472825,591837,649593,619728,660742,728725,"B004","BE24",2
"15",15,4521228,4435451,4558602,4530846,4401639,4405254,4442330,4579074,"B004","BE25",2
"16",16,118862,118596,119912,119789,127868,152108,195395,184883,"B004","BE31",2
"17",17,204034,248092,294521,298118,325206,333693,348770,357614,"B004","BE32",2
"18",18,1103537,1115989,1079997,1039687,1054795,1057802,1076119,1073333,"B004","BE33",2
"19",19,1487254,1387041,1448510,1434151,1316457,1277448,1242048,1197676,"B004","BE34",2
"20",20,936911,867821,828566,812796,763461,765603,728795,728053,"B004","BE35",2
"21",21,206365,250623,339307,346370,380272,349533,312859,379627,"B004","BG31",2
"22",22,303951,372857,399172,473754,488046,434230,372737,452320,"B004","BG32",2
"23",23,992637,1130352,1161758,1204136,1285711,1162070,1155652,1345570,"B004","BG33",2
"24",24,805573,904253,1416561,1480721,1541782,1553524,1547249,1686665,"B004","BG34",2
"25",25,780248,881198,979914,1247920,1383183,1165558,1061214,1134087,"B004","BG41",2
"26",26,767733,907979,1113957,1216971,1312475,1151163,1142293,1231069,"B004","BG42",2
"27",27,1080752,1052037,1128335,1180663,1171421,1337008,1352630,1172135,"B004","CY00",2
"28",28,869839,836379,957844,993337,1103939,1063695,1173255,1270768,"B004","CZ01",2
"29",29,1890736,1579042,1644635,1505691,1360560,1346415,1335923,1397164,"B004","CZ02",2
"30",30,3978545,3657312,4017226,3466326,3293019,3292111,3123238,3021595,"B004","CZ03",2
"31",31,2014185,1921244,1926095,2033275,1894581,1859253,1780310,1807907,"B004","CZ04",2
"32",32,5461276,5279555,5392307,5001920,4882759,4833118,4878606,4809549,"B004","CZ05",2
"33",33,2599663,2607504,2601161,2497590,2374998,2295427,2141857,2297973,"B004","CZ06",2
"34",34,3155580,3092823,3091420,3031876,2791111,2654673,2639855,2674656,"B004","CZ07",2
"35",35,1830422,1751583,1726761,1690871,1595485,1570607,1469820,1530637,"B004","CZ08",2
"36",36,7307986,7364988,7592254,7209607,7623736,6662809,6954052,7564769,"B004","DE11",2
"37",37,7883965,7914971,7800735,6778259,6806745,6302216,6462701,6762347,"B004","DE12",2
"38",38,12134842,12199787,11862700,9265162,9447978,9372929,9250459,9580714,"B004","DE13",2
"39",39,6398906,6449822,6340529,4951814,5145843,4959355,5099965,5352898,"B004","DE14",2
"40",40,22173923,22688249,22304791,20803210,21133430,19993657,20726960,21775418,"B004","DE21",2
"41",41,11576605,11408846,11122466,9396969,9396845,8931579,8933029,9187141,"B004","DE22",2
"42",42,4261043,4166594,4013660,3949162,3833280,3520665,3571423,3748671,"B004","DE23",2
"43",43,4001820,4005136,3962479,3419945,3440058,3166423,3247983,3394105,"B004","DE24",2
"44",44,4725436,4755655,4857934,4517937,4672350,4152223,4461697,4658246,"B004","DE25",2
"45",45,5314784,5360997,5455085,4096293,4131322,3660713,3772351,4019237,"B004","DE26",2
"46",46,11181796,11171703,10919903,9849512,10105283,9631287,9611805,10104070,"B004","DE27",2
"47",47,9035568,9594319,9985179,10671866,10725228,11357946,12188523,12998577,"B004","DE30",2
"48",48,8705008,8787482,8885995,7825909,7921584,7828548,8161054,8530132,"B004","DE40",2
"49",49,1118448,1071237,1120374,1160918,1273212,1248063,1418875,1523316,"B004","DE50",2
"50",50,4714256,5123970,5615758,5866099,6115524,6535007,7094326,7488197,"B004","DE60",2
"51",51,10490451,10538573,11021910,9499425,9885638,9420700,10094635,10411867,"B004","DE71",2
"52",52,1972491,2088613,2010336,1768284,1841578,1705038,1728068,1772686,"B004","DE72",2
"53",53,7360089,7455849,7494764,5538422,5484400,5466525,5456157,5657511,"B004","DE73",2
"54",54,23769313,23847615,24076041,22555587,23522591,24533489,23819784,23876288,"B004","DE80",2
"55",55,5378369,5191765,5236750,4567625,4526670,4584774,4629591,4758638,"B004","DE91",2
"56",56,4391011,4527667,4621164,3688834,4118154,4025611,4232778,4476498,"B004","DE92",2
"57",57,7779536,7597193,7735377,7569048,7851140,7777594,7656174,7788238,"B004","DE93",2
"58",58,14753943,14504829,14686702,13038636,13079203,13413322,13560111,13661623,"B004","DE94",2
"59",59,6135922,6269414,6396368,6384705,6844610,6284333,6843476,6960426,"B004","DEA1",2
"60",60,8219630,8458762,8400262,8060737,8124777,7150372,7495527,7978644,"B004","DEA2",2
"61",61,3094673,3191759,3241273,3297753,3439531,2617542,2709482,2848579,"B004","DEA3",2
"62",62,5825047,5856717,5880407,3324781,3291940,3098339,3104986,3171499,"B004","DEA4",2
"63",63,7678275,7553588,7603838,6287497,6371981,5514436,5631973,5825919,"B004","DEA5",2
"64",64,6826758,6799250,6661776,5346812,5361047,4918064,5035440,5675023,"B004","DEB1",2
"65",65,4244915,4076507,4025166,3637181,3502756,3308428,3375873,3508317,"B004","DEB2",2
"66",66,4246588,4308702,4373252,4006059,4062395,3803538,3878240,4109621,"B004","DEB3",2
"67",67,1917296,1884958,1909222,1211261,1227739,1116894,1224689,1270271,"B004","DEC0",2
"68",68,6895571,7080126,7784510,6366249,6269518,6327882,6397623,6786471,"B004","DED2",2
"69",69,4509930,4461045,4455009,3567318,3511486,3512949,3575010,3707479,"B004","DED4",2
"70",70,2739549,2694186,2812259,2321814,2352576,2328099,2488409,2597484,"B004","DED5",2
"71",71,5521242,908771,5989789,5106221,5194473,5288182,5381563,5643799,"B004","DEE0",2
"72",72,21095206,21258176,21818573,19090081,19155289,19741337,19794418,19872522,"B004","DEF0",2
"73",73,8014797,8350917,8200122,6823285,6844420,6761102,6711555,6892758,"B004","DEG0",2
"74",74,2923235,3210851,3544483,3894554,3739441,3448446,3596898,3874934,"B004","DK01",2
"75",75,2379475,2469437,2613540,2648706,2664732,2487306,2330135,2290639,"B004","DK02",2
"76",76,4580284,4595564,4936044,5273103,5603107,5622413,5765389,5796179,"B004","DK03",2
"77",77,3259997,3197251,3289423,3456589,3581950,3343614,3307877,3423815,"B004","DK04",2
"78",78,3410207,3398502,3430534,3467063,3519602,3290281,3164656,3334382,"B004","DK05",2
"79",79,1010909,1129118,1522963,1759045,1669550,1381830,1496959,1650527,"B004","EE00",2
"80",80,2216812,2144310,2277400,2689126,2592670,2972409,2742098,2654224,"B004","GR30",2
"81",82,1415205,1460180,1235532,1545850,1636123,3181960,2764440,2377037,"B004","GR42",2
"82",83,980157,965560,911205,1166117,1155522,2381986,2162202,1850870,"B004","GR43",2
"83",93,7879177,7601298,7711390,7776844,7626452,7475558,8087999,7058366,"B004","ES11",2
"84",94,3642697,4156004,4428814,4457453,4023889,4056632,4057694,4110082,"B004","ES12",2
"85",95,3390435,3788721,4096705,3885481,3643306,3881161,3713181,3646819,"B004","ES13",2
"86",96,2833617,3010298,3303982,3204989,3065945,3164449,3396893,3706007,"B004","ES21",2
"87",97,1604145,1799872,1936109,1763347,1827865,1772588,1838097,2029299,"B004","ES22",2
"88",98,975036,1025652,1182761,1154163,1185220,1192280,1198901,1268405,"B004","ES23",2
"89",99,4523222,4645675,4930341,5201422,5807150,4897643,5079329,4919693,"B004","ES24",2
"90",100,8535471,9444302,10427968,10569661,10231172,9847064,10717464,11203316,"B004","ES30",2
"91",101,7109231,7232491,7965267,8393839,8333298,8167268,7998088,7891115,"B004","ES41",2
"92",102,3180151,3490616,3699410,4001191,3934042,3765811,3768816,3613403,"B004","ES42",2
"93",103,1936353,1952108,2274496,2397938,2408927,2374393,2323107,2519969,"B004","ES43",2
"94",104,23351425,24347571,24926767,24499307,23874068,24272756,24996573,25272530,"B004","ES51",2
"95",105,19275901,20192093,21689513,22628401,20755565,20582640,20881218,21159275,"B004","ES52",2
"96",106,6330715,7688387,8529169,7773530,7736884,7214520,6945359,7065351,"B004","ES53",2
"97",107,25117966,27144628,29206498,29520872,28624342,27977563,28601787,27748518,"B004","ES61",2
"98",108,3335581,3408381,3421995,3728080,3515910,3235826,3283161,3190960,"B004","ES62",2
"99",111,11959147,12713635,14800841,15252479,15219137,13888370,14384913,13842312,"B004","ES70",2
"100",112,3126547,3219664,3321861,3468849,3501877,3426567,3572739,3577681,"B004","FI19",2
"101",113,2024198,2121038,2186876,2334851,2444700,2421372,2702305,2842319,"B004","FI1B",2
"102",114,2254505,2337528,2434200,2500430,2464561,2365997,2378712,2480764,"B004","FI1C",2
"103",115,4657431,4904734,5044139,5231677,5367654,5298783,5418979,5413405,"B004","FI1D",2
"104",116,180711,177438,178043,172643,184274,164613,170254,166234,"B004","FI20",2
"105",117,25629703,27090280,28787246,30746135,30231955,29795201,36059056,36583867,"B004","FR10",2
"106",118,1992586,1960028,2049204,2096327,2099818,2045458,2222601,2416564,"B004","FR21",2
"107",119,2127958,2171209,2195355,2205003,2240023,2516395,3549144,3841125,"B004","FR22",2
"108",120,2486573,2444137,2452027,2401429,2590236,2646732,3859730,4001973,"B004","FR23",2
"109",121,5248601,5230169,5152693,5113387,5210771,5155024,6674454,6817167,"B004","FR24",2
"110",122,4902225,4891153,5055547,4897346,4873064,5081649,6323007,6320548,"B004","FR25",2
"111",123,3525753,3777300,3688150,3700436,3736302,3734637,4058911,4233627,"B004","FR26",2
"112",124,4640778,4532622,4696398,4554952,4711125,4563362,5152092,5310239,"B004","FR30",2
"113",125,3177873,3048556,3240195,3349808,3293049,3197497,4532350,4331517,"B004","FR41",2
"114",126,3758041,3826202,3750367,3856730,3931488,4053320,4912607,5235962,"B004","FR42",2
"115",127,2151962,2245289,2099278,2038976,2159771,2208862,2902678,2885509,"B004","FR43",2
"116",128,12243354,12528734,12644226,12767983,12855571,13155747,16052661,16599780,"B004","FR51",2
"117",129,12320128,11996364,12634035,11992439,11693271,12210279,15253929,15773318,"B004","FR52",2
"118",130,9182260,9343736,9402370,9304888,9355299,9613758,11369306,11808912,"B004","FR53",2
"119",131,14865956,14989608,15726602,15451070,15674243,16174743,22862521,23878736,"B004","FR61",2
"120",132,8696191,8770668,9275623,9049060,9309359,9114677,12547530,13003852,"B004","FR62",2
"121",133,1644998,1637025,1697715,1623860,1666083,1678605,2121223,2193716,"B004","FR63",2
"122",134,17119645,17560754,17304937,17548413,17813827,17622186,34276655,33984089,"B004","FR71",2
"123",135,4457281,4511800,4351026,4085677,4187897,4323871,5614147,5628339,"B004","FR72",2
"124",136,16454788,16598813,16569052,17231377,17450865,18247686,25023560,25615141,"B004","FR81",2
"125",137,18844773,20153225,20062011,20849458,21017343,21417500,35889843,37388076,"B004","FR82",2
"126",138,3368089,3440879,4017953,3950120,3942779,4291631,6436816,6544702,"B004","FR83",2
"127",144,3395991,3274086,3507747,3544230,3505381,3131835,2862486,2946698,"B004","HR03",2
"128",145,844453,897926,978861,1072683,1123956,994942,911814,915090,"B004","HR04",2
"129",146,1186499,1264047,1255073,1316671,1308357,1258637,1284495,1349806,"B004","HU10",2
"130",147,1161331,1263481,1333304,1406377,1304582,1355314,1398238,1366512,"B004","HU21",2
"131",148,1625037,1778600,1985286,2077425,2202558,2132292,2360881,2301331,"B004","HU22",2
"132",149,1320852,1420992,1527694,1588432,1605113,1502363,1360023,1213438,"B004","HU23",2
"133",150,1207034,1234607,1284819,1291715,1263210,1177984,1176162,1262455,"B004","HU31",2
"134",151,1119939,1142552,1368489,1412000,1381094,1246013,1264995,1164438,"B004","HU32",2
"135",152,770682,854180,851470,865106,899969,816995,827567,856595,"B004","HU33",2
"136",153,3976000,3623000,3732000,4045000,4099000,4001000,3767000,2818000,"B004","IE01",2
"137",154,8221000,6069000,8271000,9689000,9238000,8722000,8020000,7565000,"B004","IE02",2
"138",155,654782,667787,723502,763724,778603,835853,847747,787964,"B004","IS00",2
"139",156,5309511,5734914,6132631,5974626,7471502,7778668,8137903,8425074,"B004","ITC1",2
"140",157,2202907,2171485,2152681,2103057,2043497,2149416,2104093,2023919,"B004","ITC2",2
"141",158,10389939,10104214,10230725,10177625,9984799,9862974,9484661,9410280,"B004","ITC3",2
"142",159,13823749,13513079,13392532,13868082,13474140,14013111,14444091,14638166,"B004","ITC4",2
"143",160,6000986,5943366,6454717,6386498,6539833,5822109,6381067,6412925,"B004","ITF1",2
"144",161,694334,688192,682843,577744,609550,555700,507856,624778,"B004","ITF2",2
"145",162,11674982,11231510,10990060,11401321,11114279,10966138,11153716,11312350,"B004","ITF3",2
"146",163,8939871,9349559,8823394,9880693,10469631,10862942,11134318,11328360,"B004","ITF4",2
"147",164,1712646,1732933,1569595,1668096,1681069,1730456,1734951,1809167,"B004","ITF5",2
"148",165,6523460,6617448,6675806,7189202,7024711,6982557,6748058,6908329,"B004","ITF6",2
"149",166,8404809,8640834,8869035,8676787,8381095,8386884,8206327,8153869,"B004","ITG1",2
"150",167,7355119,7253029,7289171,7991819,8412378,8243826,8149164,6979435,"B004","ITG2",2
"151",168,9271995,9550149,9804962,10112396,10140657,10395443,10455505,10178202,"B004","ITH1",2
"152",169,9108570,9529069,9483895,9380454,9342630,9651139,9592211,9500238,"B004","ITH2",2
"153",170,23555244,24579786,25092208,25414692,24930656,24540274,24097808,24064889,"B004","ITH3",2
"154",171,5122782,5052286,4988554,5161334,5106266,4988087,4814489,4711419,"B004","ITH4",2
"155",172,27865197,27991265,28782081,29180257,29322847,29486361,28650659,29037396,"B004","ITH5",2
"156",173,18893522,20014657,21505247,21733049,21528480,21939495,21500112,21567873,"B004","ITI1",2
"157",174,3918247,3923537,4080814,4096843,3926657,3702553,3723245,3976334,"B004","ITI2",2
"158",175,10984926,10623119,11002401,11361332,9806766,9106123,9083255,9193147,"B004","ITI3",2
"159",176,12694195,12482093,11900085,10840164,10557835,10104255,10236563,10164520,"B004","ITI4",2
"160",178,970548,1221924,1421532,1653663,1622510,1152215,1220810,1383855,"B004","LT00",2
"161",179,228381,230276,211229,199132,182459,180335,142434,179841,"B004","LU00",2
"162",180,865335,1021536,1241453,1388706,1385445,843549,921768,1037211,"B004","LV00",2
"163",183,278655,247399,311187,332398,336426,352312,352539,320108,"B004","MT00",2
"164",184,905000,879800,1093900,1072500,1023200,1161100,929000,939400,"B004","NL11",2
"165",185,3745100,3483500,3531500,3790600,3668200,3906400,3862700,3674200,"B004","NL12",2
"166",186,4475800,4418800,5146400,5197900,5254200,5294800,5235600,4797900,"B004","NL13",2
"167",187,4914900,4905500,4574900,4656000,4751200,5105100,4686800,4833800,"B004","NL21",2
"168",188,8258600,8623000,8429200,9135200,8869500,8721200,8612200,8544600,"B004","NL22",2
"169",189,1104000,1205100,1284000,1192300,1236300,1320300,1212600,1012000,"B004","NL23",2
"170",190,1452700,1735400,1782300,1808200,1823400,1811600,1603500,1719300,"B004","NL31",2
"171",191,6114900,6474800,7368800,7722700,7861100,8065400,8133600,7875200,"B004","NL32",2
"172",192,4065000,3869600,4245100,4788200,5030300,4812600,4623300,4718200,"B004","NL33",2
"173",193,5166500,4852700,4961800,5586000,4552000,4661400,4805700,4629100,"B004","NL34",2
"174",194,7422400,6636600,6556400,7138800,7179200,6885500,6921300,7161300,"B004","NL41",2
"175",195,7901600,7865800,8082300,8226400,7936100,7756700,7446900,7724600,"B004","NL42",2
"176",196,2745776,3108822,3070751,3325551,3281011,3273961,3384139,3694870,"B004","NO01",2
"177",197,2899681,3072021,3109702,3170468,3141736,3201858,3135797,2974891,"B004","NO02",2
"178",198,3875018,5614727,4119003,4196791,4129664,4128677,4167993,4260434,"B004","NO03",2
"179",199,2383545,2448253,2774748,2886543,2929351,2849216,2900529,2937897,"B004","NO04",2
"180",200,2723691,2882677,3042721,3204747,3323727,3333696,3321134,3377503,"B004","NO05",2
"181",201,1506776,1521737,1606566,1675708,1703973,1737747,1761698,1835627,"B004","NO06",2
"182",202,1697439,1792623,1843921,1878349,1939120,1976502,1966021,2148850,"B004","NO07",2
"183",203,1132308,1170754,1271257,1460185,1601782,1649944,1687813,1713577,"B004","PL11",2
"184",204,2642848,2733366,3014409,3282161,3600412,3476874,3949767,3882121,"B004","PL12",2
"185",205,5447713,5354159,5443965,5745099,5967952,6013971,5838427,6219067,"B004","PL21",2
"186",206,2685093,3182659,3554559,3489881,3668374,3836715,3987806,3998682,"B004","PL22",2
"187",207,1134114,1091555,1132015,1251678,1416546,1478257,1483210,1341663,"B004","PL31",2
"188",208,1211522,1410516,1496251,1622503,1739537,1799484,1905361,1955199,"B004","PL32",2
"189",209,525302,674190,743830,1046287,1008278,1068563,1140028,1183112,"B004","PL33",2
"190",210,675387,529973,709398,806896,801335,756345,795248,765247,"B004","PL34",2
"191",211,1965985,950260,2094004,2265857,2493493,2302405,2581712,2527271,"B004","PL41",2
"192",212,6953467,2016165,6998888,7458371,7986278,7752574,7436991,7693066,"B004","PL42",2
"193",213,925700,6804526,1015209,1173574,1238336,1091951,1094094,1086854,"B004","PL43",2
"194",214,3560401,3456272,3634371,3958394,4100098,3836459,3797675,3970628,"B004","PL51",2
"195",215,417508,424672,447810,488945,535788,489935,480569,488714,"B004","PL52",2
"196",216,2028134,2236322,2487701,2617631,2703163,2684385,2491828,2625491,"B004","PL61",2
"197",217,1548679,4529148,1801593,1949765,2075500,1991411,2046425,2108001,"B004","PL62",2
"198",218,4490027,1511509,4834586,5418395,5535409,5181347,5012885,4969296,"B004","PL63",2
"199",219,2858669,3243834,3357873,3423932,3244960,3291363,3191668,3131147,"B004","PT11",2
"200",220,4363897,4411929,4623215,4529963,4698675,4814264,4886906,4775711,"B004","PT15",2
"201",221,4034122,4245262,4397227,4466748,4461067,4374739,4459465,4154229,"B004","PT16",2
"202",222,2852839,3019923,3312966,3720446,3785053,3661452,3924898,3979974,"B004","PT17",2
"203",223,1571172,1559059,1548352,1713106,1622146,1732323,1722485,1692994,"B004","PT18",2
"204",224,531781,520415,548695,577384,569590,525483,552975,505671,"B004","PT20",2
"205",225,893016,876843,891299,863231,820630,940440,910524,758029,"B004","PT30",2
"206",226,1879966,1960432,2076256,2214141,2242353,1860596,1627132,1795668,"B004","RO11",2
"207",227,2096577,2202155,2372338,2537224,2590756,2236836,2235704,2769959,"B004","RO12",2
"208",228,1275667,1228133,1408011,1479199,1495092,1360098,1227386,1381297,"B004","RO21",2
"209",229,4645026,4327236,4243663,4749803,4904364,4134445,3483171,3784474,"B004","RO22",2
"210",230,1485196,1502372,1632716,1817765,1770979,1409413,1293202,1386302,"B004","RO31",2
"211",231,547802,618577,769306,931866,1011300,844700,912972,975935,"B004","RO32",2
"212",232,1588839,1537675,1571065,1603152,1665924,1398752,1250282,1413998,"B004","RO41",2
"213",233,1648472,1532274,1676235,1673760,1685969,1412904,1254705,1404924,"B004","RO42",2
"214",234,5069236,5483825,5922648,6271416,6285897,6197277,6678050,6953085,"B004","SE11",2
"215",235,3885093,4058209,4424886,4545824,4265265,4222556,4305455,4460686,"B004","SE12",2
"216",236,3947651,4314560,4384557,4434629,4008521,4353702,4336717,4238924,"B004","SE21",2
"217",237,4190102,4155156,4448858,4470353,3990095,4023548,4098619,4202895,"B004","SE22",2
"218",238,7118272,7332924,7755652,7745744,7541027,7912524,7778632,7910092,"B004","SE23",2
"219",239,4603273,5161234,5314061,5346406,4937588,4976628,5026410,4787284,"B004","SE31",2
"220",240,1960296,2023735,2120512,2078799,2119033,2035246,2012506,1946520,"B004","SE32",2
"221",241,2168392,2332755,2382404,2511703,2473336,2351993,2478914,2578752,"B004","SE33",2
"222",242,1768504,1763957,1833977,1918266,2183253,2210887,2188856,2214806,"B004","SI03",2
"223",243,1344802,1293893,1282050,1367224,1601587,1688410,1555429,1539070,"B004","SI04",2
"224",244,569478,722257,729313,767395,845145,753965,694889,731829,"B004","SK01",2
"225",245,1505031,1403768,1474863,1552977,1784353,1643355,1617244,1509015,"B004","SK02",2
"226",246,2213905,2096635,2127574,2284763,2583256,2388348,2404110,2460578,"B004","SK03",2
"227",247,1746795,1597543,1621543,1702340,1901530,1759662,1774670,1723915,"B004","SK04",2
"228",248,920000,1234610,747621,1236297,1837613,1122696,1045375,1189697,"B004","GBC1",2
"229",249,2780000,3923864,2685638,3810951,3402604,3860749,3428781,2422027,"B004","GBC2",2
"230",250,5560000,8177968,6876359,7358727,5723720,7729857,5549514,5069076,"B004","GBD1",2
"231",251,3550000,3021982,2670461,3616468,3519534,3663365,2355864,2527669,"B004","GBD3",2
"232",252,5630000,7488970,5858140,6227771,5069641,5728878,4860240,3457285,"B004","GBD4",2
"233",253,1340000,1265880,1605149,1377660,1956982,1608550,1834678,1301899,"B004","GBD6",2
"234",254,1090000,1724555,1872534,1515371,1505703,1500813,1266183,1990064,"B004","GBD7",2
"235",255,1370000,2127719,1492011,1465567,1275787,2129803,1707975,1673427,"B004","GBE1",2
"236",256,6710000,9411558,7199374,8216548,7857877,8987522,6334148,7222352,"B004","GBE2",2
"237",257,840000,897290,923496,727710,1043523,1179359,931564,742328,"B004","GBE3",2
"238",258,9740000,2599906,1607985,2439125,2191766,2068154,1793663,1817875,"B004","GBE4",2
"239",259,3590000,5105166,3655072,3818358,4286837,4475097,3220786,4271227,"B004","GBF1",2
"240",260,1750000,2008021,1968511,1637499,2051549,1457727,1299738,2228272,"B004","GBF2",2
"241",261,3590000,5257974,5384330,3627014,4041066,4681842,4313966,4061681,"B004","GBF3",2
"242",262,3010000,3032914,2765159,2777537,2966856,2978832,2601049,2316526,"B004","GBG1",2
"243",263,2690000,2922367,2223929,2475318,2671077,2392020,2501921,1572507,"B004","GBG2",2
"244",264,3410000,3251342,3640535,3342124,3320262,3091907,2544296,2636398,"B004","GBG3",2
"245",265,7890000,12026883,8693327,9611951,8207831,8628015,7628853,6830610,"B004","GBH1",2
"246",266,1230000,1345884,1412476,1689337,1205261,1270787,1015592,1158866,"B004","GBH2",2
"247",267,2350000,2007349,2018255,1616057,2170714,2046324,1785626,1291598,"B004","GBH3",2
"248",268,7240000,5802239,6578504,7095352,7813176,7544669,7792812,7050982,"B004","GBI1",2
"249",269,2730000,2579838,2638860,1684084,2510603,1984342,2145897,2028660,"B004","GBI2",2
"250",270,3570000,4187400,4125039,3271327,4820436,3941536,3218527,4209051,"B004","GBJ1",2
"251",271,5860000,5831564,7269740,7879729,6323016,7238701,5508311,4828039,"B004","GBJ2",2
"252",272,6350000,6785040,5962301,6372391,6366280,8603398,5228489,4675239,"B004","GBJ3",2
"253",273,1880000,3049003,3138761,3184081,2367547,3198508,2504783,2696479,"B004","GBJ4",2
"254",274,5000000,6067490,6470475,6236094,6308657,6759157,5129199,5943446,"B004","GBK1",2
"255",275,7760000,10512977,10370931,11049964,10530631,11724440,8299978,7340545,"B004","GBK2",2
"256",276,9660000,12242386,12130512,10616957,9597431,11505879,8318178,8015719,"B004","GBK3",2
"257",277,9830000,14793929,11366584,10998159,8906458,10193016,8776838,8205270,"B004","GBK4",2
"258",278,9880000,14630006,2853992,10669803,11796276,11352667,9714184,9933840,"B004","GBL1",2
"259",279,2580000,4196605,12764477,2670581,3442261,2742986,2062950,2740194,"B004","GBL2",2
"260",280,7140000,7655863,6446823,8169872,7694303,6643132,6768790,6443837,"B004","GBM2",2
"261",281,4300000,7093295,5335613,6675322,5292897,6466383,5256226,4415629,"B004","GBM3",2
"262",282,1390000,2182337,1588203,1704058,1501905,1485716,1108971,1228093,"B004","GBM5",2
"263",283,4880000,7189090,6840753,6317465,5588817,6337281,4894203,4702166,"B004","GBM6",2
"264",284,1980000,2233373,1841887,2220205,2403804,2016457,2404647,2358067,"B004","GBN0",2
"265",285,468491,465618,476554,505918,516688,513895,507848,527348,"B005","AT11",2
"266",286,1827617,1875659,1820336,1942680,1980760,1741057,1676438,1771896,"B005","AT12",2
"267",287,6995747,7285007,7612847,7647972,8222986,7865177,8607153,9288600,"B005","AT13",2
"268",288,6691708,6594122,6428665,6731038,6937388,6663419,6333849,6423175,"B005","AT21",2
"269",289,2717293,2834496,2841669,2977361,3199026,3132349,3168546,3270331,"B005","AT22",2
"270",290,2370017,2308944,2327956,2359797,2395198,2279656,2211242,2358201,"B005","AT31",2
"271",291,13337292,13865346,14317171,14568115,15155432,14481490,14501380,14474413,"B005","AT32",2
"272",292,28993960,29630469,29332231,29706560,31067089,30339467,30321871,30314513,"B005","AT33",2
"273",293,4872250,4872860,4859660,5079196,5256389,5208095,5257649,5218848,"B005","AT34",2
"274",294,4197858,4118375,4205274,4376635,4506818,4329926,4497213,4778267,"B005","BE10",2
"275",295,1783854,1868998,1922660,2039437,2055954,1847987,2060304,2093901,"B005","BE21",2
"276",296,1800948,1791532,1932732,1878372,1839556,1778993,1870712,1881983,"B005","BE22",2
"277",297,742419,759079,787078,858171,876550,810832,879511,913321,"B005","BE23",2
"278",298,928386,974377,997408,867455,879590,815425,833445,860882,"B005","BE24",2
"279",299,3181020,3084338,3135381,3171228,3111655,2883578,3068406,3308377,"B005","BE25",2
"280",300,199147,207675,224139,233131,209831,202942,214942,223354,"B005","BE31",2
"281",301,286953,385799,459204,469818,489647,474964,514243,499237,"B005","BE32",2
"282",302,976306,948663,986394,980380,1020730,954542,919929,935313,"B005","BE33",2
"283",303,1032054,1039093,1023952,1034116,1024055,1031966,984562,890335,"B005","BE34",2
"284",304,415569,375350,364868,362568,346316,319862,326409,338897,"B005","BE35",2
"285",305,28470,30805,44625,47933,49806,54272,48359,52559,"B005","BG31",2
"286",306,69623,82570,95353,113540,113574,99130,90028,100502,"B005","BG32",2
"287",307,4913443,5278802,5202573,4987890,4764849,3701928,3963508,4905178,"B005","BG33",2
"288",308,4020471,4799144,5002595,5052178,5072571,4142529,4849373,5735723,"B005","BG34",2
"289",309,987679,1114644,1241863,1405107,1417506,1160329,1307510,1287315,"B005","BG41",2
"290",310,283874,318086,357685,400138,373148,302734,288334,345446,"B005","BG42",2
"291",311,13636517,14006282,13310257,13197004,13208954,11666665,12448158,13112596,"B005","CY00",2
"292",312,9796565,10368571,10319827,11206954,11070652,10154505,10947878,11677323,"B005","CZ01",2
"293",313,706519,587993,578061,559230,445803,367177,353063,399578,"B005","CZ02",2
"294",314,1341824,1347121,1290044,1234157,1110098,992316,973453,988049,"B005","CZ03",2
"295",315,3067210,3136823,3663894,3594044,3683276,3307387,3315498,3533502,"B005","CZ04",2
"296",316,2348016,2420664,2423192,2188004,1997002,1605982,1422682,1379568,"B005","CZ05",2
"297",317,846226,874225,961903,993700,914336,695440,744923,829679,"B005","CZ06",2
"298",318,586966,545950,524484,488762,432571,343436,344338,339143,"B005","CZ07",2
"299",319,287136,313688,328943,345335,333284,280650,264112,277997,"B005","CZ08",2
"300",320,1566657,1593984,1866197,1845449,1892424,1670072,1871429,2088613,"B005","DE11",2
"301",321,1709473,1757781,1914199,1930569,1922205,1787497,2043780,2180932,"B005","DE12",2
"302",322,2310799,2471062,2660382,2775328,2957654,2890835,3052870,3340899,"B005","DE13",2
"303",323,710672,748701,819860,797722,819999,788220,829170,950244,"B005","DE14",2
"304",324,5901900,6235781,6859606,7372752,7449438,7060906,8134715,8382033,"B005","DE21",2
"305",325,642374,668095,702754,795375,772132,715764,658947,695517,"B005","DE22",2
"306",326,471576,496671,484830,524027,529006,504439,530483,569023,"B005","DE23",2
"307",327,325930,318603,333426,332620,343640,304963,330906,349384,"B005","DE24",2
"308",328,1312313,1378020,1542846,1513076,1488939,1326107,1491605,1614906,"B005","DE25",2
"309",329,547526,560080,594043,561960,573826,503730,521861,552879,"B005","DE26",2
"310",330,1223971,1359134,1537347,1570599,1555283,1505883,1624557,1746532,"B005","DE27",2
"311",331,4224825,5025996,5925193,6613971,7045049,7456208,8500412,9241275,"B005","DE30",2
"312",332,551538,592635,665648,705265,740529,650458,743312,753599,"B005","DE40",2
"313",333,304001,304516,349080,369905,377671,391030,393845,407290,"B005","DE50",2
"314",334,1231251,1311136,1561569,1536324,1612097,1655138,1852309,2042103,"B005","DE60",2
"315",335,4138800,4179004,4510159,4398550,4380985,3995826,4488467,4640136,"B005","DE71",2
"316",336,208359,212142,211266,221680,219223,216817,215895,235164,"B005","DE72",2
"317",337,683204,699824,719745,751521,695518,696408,696956,734067,"B005","DE73",2
"318",338,625463,646470,695505,753541,837005,804351,847045,797851,"B005","DE80",2
"319",339,624384,651107,695808,718096,703525,695444,716317,747072,"B005","DE91",2
"320",340,648868,781159,779160,776645,795315,710723,771372,950830,"B005","DE92",2
"321",341,431826,451476,499556,522985,554121,566873,572368,585169,"B005","DE93",2
"322",342,481498,579360,630307,710553,796808,808875,1027522,1061593,"B005","DE94",2
"323",343,2167875,2187621,2384939,2403225,2677269,2332709,2656675,2876711,"B005","DEA1",2
"324",344,2439406,2716502,2980939,2919539,2885193,2586377,2889546,3093885,"B005","DEA2",2
"325",345,369398,392998,441117,493204,511269,502954,519044,511165,"B005","DEA3",2
"326",346,419665,451487,457146,488138,493338,482109,495698,519929,"B005","DEA4",2
"327",347,1340314,1355309,1476022,1437796,1475084,1432745,1581368,1727141,"B005","DEA5",2
"328",348,1488302,1575576,1624848,1676872,1927027,2066074,2220104,2278625,"B005","DEB1",2
"329",349,2176813,2314496,2334323,2340679,2351672,2333621,2276667,2212019,"B005","DEB2",2
"330",350,843322,843363,896951,791490,825862,798750,864420,849374,"B005","DEB3",2
"331",351,250084,267082,285336,270008,234420,178414,197785,243440,"B005","DEC0",2
"332",352,628985,699647,756118,783942,826352,829789,920203,966199,"B005","DED2",2
"333",353,156148,154448,171891,182358,200140,189579,208752,238380,"B005","DED4",2
"334",354,302689,314867,398593,378381,437189,416028,474443,424688,"B005","DED5",2
"335",355,353028,58510,424276,416386,464205,435573,473764,456416,"B005","DEE0",2
"336",356,1037554,1103379,1225444,1275385,1344277,1275548,1406547,1464045,"B005","DEF0",2
"337",357,523061,507449,530940,529506,523990,529737,557601,552339,"B005","DEG0",2
"338",358,3704961,3747349,3787033,3624873,3648528,3485327,3907200,4340748,"B005","DK01",2
"339",359,694799,654279,662209,698195,633168,472235,489129,469394,"B005","DK02",2
"340",360,2543904,2387667,2421855,2433975,2365242,2317310,2434507,2447245,"B005","DK03",2
"341",361,1119726,1060937,1081401,1042988,933735,888006,951930,964829,"B005","DK04",2
"342",362,1502477,1505599,1500528,1527548,1337524,1136525,1199226,1268921,"B005","DK05",2
"343",363,2746806,2982459,3020367,2915456,2932662,2740696,3203721,3748865,"B005","EE00",2
"344",364,3690458,4005428,4495136,5017437,4722681,4502452,4427215,4708288,"B005","GR30",2
"345",366,12281342,11308800,11936728,13144237,12910020,15190234,16423014,18425579,"B005","GR42",2
"346",367,12179600,11534238,12558011,14158819,14573794,16805168,17716954,19914142,"B005","GR43",2
"347",377,1311921,1402173,1429805,1632383,1549129,1390646,1566776,1480303,"B005","ES11",2
"348",378,398285,446591,499007,509851,499338,429865,494523,508045,"B005","ES12",2
"349",379,593970,664189,652248,639973,646446,597246,653737,651186,"B005","ES13",2
"350",380,1188768,1320596,1424858,1538206,1576376,1470553,1635223,1822947,"B005","ES21",2
"351",381,300197,319089,341576,422839,387873,385988,364612,436903,"B005","ES22",2
"352",382,145654,141436,146430,166280,161715,160296,160066,166377,"B005","ES23",2
"353",383,837297,876485,999866,1078661,1200009,921929,1009253,1093399,"B005","ES24",2
"354",384,6407154,7140633,7823621,9090461,8694921,8433667,9948384,11076365,"B005","ES30",2
"355",385,1240137,1255841,1407263,1568942,1515329,1368262,1472018,1575854,"B005","ES41",2
"356",386,534594,515161,578259,627909,629665,552235,581409,590366,"B005","ES42",2
"357",387,249440,226821,261497,308465,304650,329245,332914,364579,"B005","ES43",2
"358",388,34772791,36256801,38483135,38900433,39325874,36681607,40110277,44029174,"B005","ES51",2
"359",389,16586647,16933365,17358951,17158770,17349747,15238732,15609838,16581397,"B005","ES52",2
"360",390,52176083,52524868,54924583,54392668,52900943,48143811,51266569,57205975,"B005","ES53",2
"361",391,23607555,24267364,24668608,25154895,25653649,22221296,22018831,24412276,"B005","ES61",2
"362",392,1613416,1577770,1496036,1566910,1545984,1321079,1351581,1382492,"B005","ES62",2
"363",395,67077857,63610449,71981120,70652098,69796074,60865157,64738317,75956666,"B005","ES70",2
"364",396,506404,499343,552172,606440,612803,534971,542278,580445,"B005","FI19",2
"365",397,1869358,1918565,2165456,2261482,2297667,2047414,2154530,2352287,"B005","FI1B",2
"366",398,510351,517484,621393,673971,705720,618623,634433,732745,"B005","FI1C",2
"367",399,1221458,1288563,1406418,1530394,1618070,1438019,1438828,1581400,"B005","FI1D",2
"368",400,275627,274680,258311,255928,268294,250979,234999,260591,"B005","FI20",2
"369",401,34044324,35474854,34317927,37931718,37296532,33843234,37899116,40820093,"B005","FR10",2
"370",402,1293955,1436371,1242962,1251233,1260390,1178791,1262040,1251877,"B005","FR21",2
"371",403,1039123,1332577,1342726,1241406,1212337,1157144,1385737,1310111,"B005","FR22",2
"372",404,1189543,1195871,1086637,1034878,941681,799710,882352,868481,"B005","FR23",2
"373",405,2149875,2334122,2276511,2373233,2353270,2156083,2400315,2370150,"B005","FR24",2
"374",406,2563245,2144056,2233043,2387568,2263091,2130587,2467106,2381424,"B005","FR25",2
"375",407,2385083,2388966,2268968,2261189,2233492,2125869,2293282,2269773,"B005","FR26",2
"376",408,2336935,2145026,2205481,2249202,2096827,1774516,1913361,1904432,"B005","FR30",2
"377",409,1394586,1489532,1274611,1268703,1238197,1269711,1494369,1589713,"B005","FR41",2
"378",410,3101829,2946458,2686545,2732095,2681111,2682963,3082487,3207297,"B005","FR42",2
"379",411,1106322,1061045,996596,1021003,964050,1055649,1149876,1073066,"B005","FR43",2
"380",412,2962197,2865273,3323632,3025044,3080851,2634181,3387538,3246369,"B005","FR51",2
"381",413,4082920,4148882,4011176,3786937,3608200,3292378,3852484,3655215,"B005","FR52",2
"382",414,1801439,1708701,1692743,1690920,1700341,1559414,1845594,1875898,"B005","FR53",2
"383",415,5730066,5782246,5981793,5925506,5565047,5547104,6817843,6924926,"B005","FR61",2
"384",416,4879293,4981482,4587859,4542173,5174311,4097939,4848537,4576676,"B005","FR62",2
"385",417,434248,508167,479297,431235,414452,423052,497121,498270,"B005","FR63",2
"386",418,8083064,8181709,8425929,8123458,7906830,7713764,14267702,13863529,"B005","FR71",2
"387",419,839763,901934,866867,808963,787362,719774,861817,866700,"B005","FR72",2
"388",420,7036480,6804257,7101770,7152298,7173781,6969068,7761368,7974512,"B005","FR81",2
"389",421,13624565,14669592,14365409,14276426,14137609,12700044,16777080,17877525,"B005","FR82",2
"390",422,2099051,2681315,2366491,2290836,2243422,2240376,2646504,2257945,"B005","FR83",2
"391",428,30836224,32106378,31745251,32512039,32680140,32209949,32053066,34111328,"B005","HR03",2
"392",429,914803,1014058,1112763,1189886,1222595,1147895,1181816,1277674,"B005","HR04",2
"393",430,5399807,5777096,5409108,5516465,5383090,4981579,5228813,5680852,"B005","HU10",2
"394",431,1128167,1169832,1009750,993835,951573,771528,699738,679352,"B005","HU21",2
"395",432,1965827,1898127,1787284,1819355,1838694,1830545,1920783,2049915,"B005","HU22",2
"396",433,928274,835171,730770,692701,663494,573612,498408,429770,"B005","HU23",2
"397",434,253156,258550,248284,243390,277788,262724,233770,259976,"B005","HU31",2
"398",435,575930,592751,609409,643311,630706,556797,548102,523366,"B005","HU32",2
"399",436,256948,247372,251286,261751,264186,243363,228759,297108,"B005","HU33",2
"400",439,1478848,1521421,1687744,1838330,1894457,2028069,2089527,2384477,"B005","IS00",2
"401",440,4032960,4444213,4930695,4342545,4086828,3815154,4227119,4420000,"B005","ITC1",2
"402",441,995304,1017163,1055043,1003527,1069843,984505,1003734,1102246,"B005","ITC2",2
"403",442,3824185,3728777,3981600,3992640,4145715,4089970,4269574,4650342,"B005","ITC3",2
"404",443,12649400,12981889,13629227,14780437,14829365,15443697,16682773,18485396,"B005","ITC4",2
"405",444,932230,909748,994862,988148,1020643,831818,925884,1009512,"B005","ITF1",2
"406",445,60630,59613,59693,74427,49655,46826,51389,55745,"B005","ITF2",2
"407",446,8232532,7974967,8155823,8373421,7608107,6976320,7403277,8242638,"B005","ITF3",2
"408",447,1455318,1480215,1497387,1600910,1713745,1646751,1848669,2177371,"B005","ITF4",2
"409",448,209452,221932,174085,188693,181304,158262,155157,154307,"B005","ITF5",2
"410",449,1177934,1221401,1479247,1542133,1468628,1472171,1399211,1639946,"B005","ITF6",2
"411",450,4946228,5080546,5705489,5925358,5557224,5378455,5297512,5904028,"B005","ITG1",2
"412",451,2948299,2955763,3241769,3859394,3881544,4066558,4023759,4469248,"B005","ITG2",2
"413",452,16426313,16588875,16595427,17180912,17558790,17672149,18112700,18694259,"B005","ITH1",2
"414",453,4740185,4966646,5105146,5322629,5530382,5584047,5599033,5787381,"B005","ITH2",2
"415",454,31003994,32145516,34266876,36114881,35676417,35904121,36722503,39336415,"B005","ITH3",2
"416",455,3445813,3339001,3494560,3572687,3772661,3845666,3851407,4238146,"B005","ITH4",2
"417",456,8422715,8228504,8687061,8994209,9038550,8702363,9024230,9581936,"B005","ITH5",2
"418",457,16561427,17946014,19438208,19962791,19733476,19031859,20531863,22116918,"B005","ITI1",2
"419",458,1835557,1897388,2056489,2155259,2084669,1881528,1903482,2060668,"B005","ITI2",2
"420",459,1868450,1874383,2046526,2223250,1671596,1595043,1709231,1831101,"B005","ITI3",2
"421",460,15400310,19227572,20266128,21267429,21118292,20366603,20459991,20516459,"B005","ITI4",2
"422",462,1197331,1401033,1514197,1609998,1626829,1395899,1571325,1883003,"B005","LT00",2
"423",463,2493349,2451764,2399913,2328688,2249545,2075831,1717130,2057883,"B005","LU00",2
"424",464,1200569,1612671,1872393,1935984,2115618,1699562,1912336,2257021,"B005","LV00",2
"425",467,7458466,7320428,7094031,7749831,7581137,6550794,7208295,7361449,"B005","MT00",2
"426",468,287700,268900,308100,273500,297000,324800,253700,268900,"B005","NL11",2
"427",469,1106100,1072900,1093800,953900,887900,1235800,886400,1063700,"B005","NL12",2
"428",470,500800,368800,519500,458800,390200,481800,488400,427400,"B005","NL13",2
"429",471,616600,499400,486900,523400,592000,469900,565300,609200,"B005","NL21",2
"430",472,851100,1038800,1011000,1046300,943300,817700,889100,954600,"B005","NL22",2
"431",473,373100,375800,385100,449600,410700,389400,409700,321300,"B005","NL23",2
"432",474,473700,584900,624400,602000,597000,559100,581900,662000,"B005","NL31",2
"433",475,11134900,11179700,11825800,12112300,10821100,10816700,12063300,12449200,"B005","NL32",2
"434",476,3496500,3554300,3696900,3853900,3548000,3519500,3589600,3616400,"B005","NL33",2
"435",477,3160100,2724800,3221000,3529200,2926500,2986900,3228200,3399900,"B005","NL34",2
"436",478,1512300,1592900,1661000,1893100,1757700,1485500,1852800,1902200,"B005","NL41",2
"437",479,1873100,1948700,2053100,2256000,2096200,1926300,1991300,2064200,"B005","NL42",2
"438",480,1493079,1700792,1674989,1678845,1604541,1536941,1765188,1719592,"B005","NO01",2
"439",481,1197022,1230490,1170852,1193070,1152345,1113506,1059427,966778,"B005","NO02",2
"440",482,1021282,1147834,989893,1050205,1036837,954669,1022181,953938,"B005","NO03",2
"441",483,665284,687026,806212,869055,889021,742476,796861,869288,"B005","NO04",2
"442",484,1836362,1843034,2006434,2173258,2119575,1927967,1959437,1987404,"B005","NO05",2
"443",485,386246,395375,443680,449537,429793,400648,401365,400082,"B005","NO06",2
"444",486,842978,853308,829109,891317,886933,824224,877066,947159,"B005","NO07",2
"445",487,176069,196572,212654,258765,262595,291293,271843,267350,"B005","PL11",2
"446",488,1409508,1547367,1477136,1534034,1506428,1459444,1623229,1740860,"B005","PL12",2
"447",489,1634012,2021651,2118677,2268918,1985679,1944533,2135297,2175036,"B005","PL21",2
"448",490,463003,629051,693387,664909,665492,601100,597579,585390,"B005","PL22",2
"449",491,141805,147110,154630,158604,139002,124202,128884,145998,"B005","PL31",2
"450",492,126518,130093,133145,191696,147033,142469,153762,153253,"B005","PL32",2
"451",493,69189,131948,57035,72967,64214,61263,66861,65510,"B005","PL33",2
"452",494,117389,56651,132295,135917,106185,106571,108038,136448,"B005","PL34",2
"453",495,464175,240663,483948,449271,528607,487122,478999,485049,"B005","PL41",2
"454",496,1934929,476123,2116787,2105861,2047523,2013915,2008067,2234941,"B005","PL42",2
"455",497,257230,2260381,256062,262151,286358,215197,225893,246862,"B005","PL43",2
"456",498,1139038,1249360,1254153,1309828,1129023,926058,1016644,1028065,"B005","PL51",2
"457",499,68304,72884,76057,95972,100200,80718,71472,79949,"B005","PL52",2
"458",500,140385,159052,171437,212685,189740,154221,176867,193288,"B005","PL61",2
"459",501,519365,720078,478069,457944,384139,380775,361077,362095,"B005","PL62",2
"460",502,652020,503384,739647,738578,631019,620566,640116,720170,"B005","PL63",2
"461",503,1571030,1520042,1778475,2032501,2108300,1986839,2188492,2348562,"B005","PT11",2
"462",504,10811322,11351090,11556322,12162946,11546202,10082878,10173949,11083489,"B005","PT15",2
"463",505,1357393,1334341,1489267,1728158,1740488,1606925,1650591,1833987,"B005","PT16",2
"464",506,5346527,5331006,6064233,6508070,6254020,5821596,6308398,6741722,"B005","PT17",2
"465",507,364436,348714,365940,391021,418941,390692,395662,441217,"B005","PT18",2
"466",510,341153,329764,286655,335349,294537,237993,257411,288011,"B005","RO11",2
"467",511,568147,579971,558054,640210,561324,428462,483677,541678,"B005","RO12",2
"468",512,214236,207715,191046,212706,181669,149452,145237,175069,"B005","RO21",2
"469",513,752180,811925,610055,544404,413283,289283,251117,265835,"B005","RO22",2
"470",514,296744,304846,307815,357717,344914,264953,271495,292458,"B005","RO31",2
"471",515,811358,862679,888672,1092617,1201592,991079,1067425,1153691,"B005","RO32",2
"472",517,290356,303037,329944,333092,297681,263592,250238,277871,"B005","RO42",2
"473",518,2604577,2806008,2936551,3052149,3099681,3174346,3332573,3452328,"B005","SE11",2
"474",519,656286,731865,739278,766838,716790,721678,759604,782039,"B005","SE12",2
"475",520,853463,885353,1002472,1030721,848911,906400,862547,824924,"B005","SE21",2
"476",521,898129,954757,1077620,1049511,1022150,1111336,1040654,1065726,"B005","SE22",2
"477",522,2032061,2095338,2214449,2286684,2360663,2372290,2369703,2395609,"B005","SE23",2
"478",523,1374458,1299345,1423758,1363536,1349081,1325747,1411154,1306095,"B005","SE31",2
"479",524,447386,472921,524245,611139,574095,626801,471944,522760,"B005","SE32",2
"480",525,857316,832271,1024595,1039781,948735,1078904,936816,994954,"B005","SE33",2
"481",526,1267385,1311229,1357098,1466624,1672570,1590806,1577036,1702805,"B005","SI03",2
"482",527,2921000,2938588,2974951,3240596,3412738,3066019,3103420,3403647,"B005","SI04",2
"483",528,860604,939138,984801,982738,1008645,817760,871285,1007022,"B005","SK01",2
"484",529,1194235,1236755,1221814,1276002,1351839,996165,1020085,1014676,"B005","SK02",2
"485",530,1285135,1392696,1556593,1521686,1473420,1025307,1031078,1079069,"B005","SK03",2
"486",531,1256776,1232504,1294939,1334742,1310927,868095,827118,889533,"B005","SK04",2
"487",532,522889,722811,554283,237826,218376,108716,318281,276823,"B005","GBC1",2
"488",533,1341934,738470,1709104,1099697,706999,908576,752432,975634,"B005","GBC2",2
"489",534,518515,347520,522164,610520,509784,322978,447663,621322,"B005","GBD1",2
"490",535,1650085,2751857,2219538,2312592,2018488,1921592,2394933,2212150,"B005","GBD3",2
"491",536,360070,1390900,773856,747298,506468,709857,400772,627008,"B005","GBD4",2
"492",537,502782,488891,572187,547638,502989,438470,433728,508814,"B005","GBD6",2
"493",538,528120,972500,1166771,913417,1147495,804993,867182,1270265,"B005","GBD7",2
"494",539,129620,80657,630955,136683,296252,304035,118149,123485,"B005","GBE1",2
"495",540,921252,787002,953711,595161,796621,813394,845616,864291,"B005","GBE2",2
"496",541,430811,230214,541811,285591,476088,471498,672679,537047,"B005","GBE3",2
"497",542,1381572,815171,774621,576685,705980,572258,549439,1370800,"B005","GBE4",2
"498",543,1422012,716290,1111203,964089,852514,1150885,709255,1004478,"B005","GBF1",2
"499",544,708963,746351,789184,790729,722146,472325,870471,774765,"B005","GBF2",2
"500",545,189630,185730,183192,183923,283100,205905,220810,237997,"B005","GBF3",2
"501",546,725889,1855038,1144589,797517,794429,848222,759885,728104,"B005","GBG1",2
"502",547,509619,736453,369103,268704,401370,382727,257669,467177,"B005","GBG2",2
"503",548,2076344,1793170,2059931,1760250,1624206,1925802,1565482,1734306,"B005","GBG3",2
"504",549,2255684,2172959,2449950,2305427,2336930,1994006,1846914,2536662,"B005","GBH1",2
"505",550,771393,992947,1136094,1271773,1196170,786343,795728,1136722,"B005","GBH2",2
"506",551,505040,762692,909882,987283,624924,531844,580389,547944,"B005","GBH3",2
"507",554,3109796,3202466,3878379,3039983,3077327,3034224,2984524,4108274,"B005","GBJ1",2
"508",555,2265363,2395717,3106156,2900031,2840131,2702568,2953333,3594712,"B005","GBJ2",2
"509",556,1179750,1124489,1330724,1012005,1064955,1228632,1169048,1527491,"B005","GBJ3",2
"510",557,1516397,1787051,1913365,1277327,1781464,1370114,1544622,1926885,"B005","GBJ4",2
"511",558,1527836,1735473,1587912,1801605,1663561,1931145,1701554,1568500,"B005","GBK1",2
"512",559,1905031,1576565,2006810,1976740,1914544,1772030,1999508,1612892,"B005","GBK2",2
"513",560,866653,791799,1091468,1014970,832744,1322567,990347,1042944,"B005","GBK3",2
"514",561,748604,991810,1468508,937098,1298482,1144160,1153482,892669,"B005","GBK4",2
"515",562,1527035,1575346,1525705,1259396,1373163,1054340,1190926,1003038,"B005","GBL1",2
"516",563,798215,1469291,1351771,959829,1253699,932075,1149803,774831,"B005","GBL2",2
"517",564,4143040,6655933,6258931,5336976,4450479,4700970,5266420,4679868,"B005","GBM2",2
"518",565,1917279,2785440,2260664,2706371,2032062,1596849,1881774,1514922,"B005","GBM3",2
"519",566,425784,422720,724619,450924,502890,667281,450087,800730,"B005","GBM5",2
"520",567,2000876,2446841,2317657,2325414,1776482,1811027,2185902,1719453,"B005","GBM6",2
"521",568,199646,308473,249225,384705,55598,458544,426021,330366,"B005","GBN0",2
"522",569,2038268,2187388,2260717,2379555,2474767,2529421,2581588,2607258,"B006","AT11",2
"523",570,5271669,5281556,5485264,5721002,5901719,5813863,5861712,6021715,"B006","AT12",2
"524",571,8418213,8748779,9342370,9649485,10224100,9833991,10850917,11382773,"B006","AT13",2
"525",572,10691359,10599216,10338788,10799314,10998768,10816952,10438031,10678729,"B006","AT21",2
"526",573,7684086,7958496,8034513,8397374,8804087,8911822,9087786,9286510,"B006","AT22",2
"527",574,5714884,5710254,5815035,5923485,6127267,6079155,6005118,6219301,"B006","AT31",2
"528",575,17963465,18523502,19054360,19305248,20042061,19423427,19563869,19613068,"B006","AT32",2
"529",576,31863808,32441847,32232905,32659589,34118014,33441600,33517686,33549266,"B006","AT33",2
"530",577,5612324,5579551,5565594,5829300,6018900,5983227,6035628,5981042,"B006","AT34",2
"531",578,4717667,4650013,4835497,5099264,5271014,5197256,5556308,5971663,"B006","BE10",2
"532",579,2991458,3132351,3266423,3471379,3577462,3401194,3677653,3830585,"B006","BE21",2
"533",580,3693585,3685153,3884292,3845947,3843038,3865184,3888071,3966058,"B006","BE22",2
"534",581,1279536,1293270,1390434,1486846,1559482,1491832,1619859,1705785,"B006","BE23",2
"535",582,1349275,1405998,1470233,1459292,1529183,1435153,1494187,1589607,"B006","BE24",2
"536",583,7702248,7519789,7693983,7702074,7513294,7288832,7510736,7887451,"B006","BE25",2
"537",584,318009,326271,344051,352920,337699,355050,410337,408237,"B006","BE31",2
"538",585,490987,633891,753725,767936,814853,808657,863013,856851,"B006","BE32",2
"539",586,2079843,2064652,2066391,2020067,2075525,2012344,1996048,2008646,"B006","BE33",2
"540",587,2519308,2426134,2472462,2468267,2340512,2309414,2226610,2088011,"B006","BE34",2
"541",588,1352480,1243171,1193434,1175364,1109777,1085465,1055204,1066950,"B006","BE35",2
"542",589,234835,281428,383932,394303,430078,403805,361218,432186,"B006","BG31",2
"543",590,373574,455427,494525,587294,601620,533360,462765,552822,"B006","BG32",2
"544",591,5906080,6409154,6364331,6192026,6050560,4863998,5119160,6250748,"B006","BG33",2
"545",592,4826044,5703397,6419156,6532899,6614353,5696053,6396622,7422388,"B006","BG34",2
"546",593,1767927,1995842,2221777,2653027,2800689,2325887,2368724,2421402,"B006","BG41",2
"547",594,1051607,1226065,1471642,1617109,1685623,1453897,1430627,1576515,"B006","BG42",2
"548",595,14717269,15058319,14438592,14377667,14380375,13003673,13800788,14284731,"B006","CY00",2
"549",596,10666404,11204950,11277671,12200291,12174591,11218200,12121133,12948091,"B006","CZ01",2
"550",597,2597255,2167035,2222696,2064921,1806363,1713592,1688986,1796742,"B006","CZ02",2
"551",598,5320369,5004433,5307270,4700483,4403117,4284427,4096691,4009644,"B006","CZ03",2
"552",599,5081395,5058067,5589989,5627319,5577857,5166640,5095808,5341409,"B006","CZ04",2
"553",600,7809292,7700219,7815499,7189924,6879761,6439100,6301288,6189117,"B006","CZ05",2
"554",601,3445889,3481729,3563064,3491290,3289334,2990867,2886780,3127652,"B006","CZ06",2
"555",602,3742546,3638773,3615904,3520638,3223682,2998109,2984193,3013799,"B006","CZ07",2
"556",603,2117558,2065271,2055704,2036206,1928769,1851257,1733932,1808634,"B006","CZ08",2
"557",604,8874643,8958972,9458451,9055056,9516160,8332881,8825481,9653382,"B006","DE11",2
"558",605,9593438,9672752,9714934,8708828,8728950,8089713,8506481,8943279,"B006","DE12",2
"559",606,14445641,14670849,14523082,12040490,12405632,12263764,12303329,12921613,"B006","DE13",2
"560",607,7109578,7198523,7160389,5749536,5965842,5747575,5929135,6303142,"B006","DE14",2
"561",608,28075823,28924030,29164397,28175962,28582868,27054563,28861675,30157451,"B006","DE21",2
"562",609,12218979,12076941,11825220,10192344,10168977,9647343,9591976,9882658,"B006","DE22",2
"563",610,4732619,4663265,4498490,4473189,4362286,4025104,4101906,4317694,"B006","DE23",2
"564",611,4327750,4323739,4295905,3752565,3783698,3471386,3578889,3743489,"B006","DE24",2
"565",612,6037749,6133675,6400780,6031013,6161289,5478330,5953302,6273152,"B006","DE25",2
"566",613,5862310,5921077,6049128,4658253,4705148,4164443,4294212,4572116,"B006","DE26",2
"567",614,12405767,12530837,12457250,11420111,11660566,11137170,11236362,11850602,"B006","DE27",2
"568",615,13260393,14620315,15910372,17285837,17770277,18814154,20688935,22239852,"B006","DE30",2
"569",616,9256546,9380117,9551643,8531174,8662113,8479006,8904366,9283731,"B006","DE40",2
"570",617,1422449,1375753,1469454,1530823,1650883,1639093,1812720,1930606,"B006","DE50",2
"571",618,5945507,6435106,7177327,7402423,7727621,8190145,8946635,9530300,"B006","DE60",2
"572",619,14629251,14717577,15532069,13897975,14266623,13416526,14583102,15052003,"B006","DE71",2
"573",620,2180850,2300755,2221602,1989964,2060801,1921855,1943963,2007850,"B006","DE72",2
"574",621,8043293,8155673,8214509,6289943,6179918,6162933,6153113,6391578,"B006","DE73",2
"575",622,24394776,24494085,24771546,23309128,24359596,25337840,24666829,24674139,"B006","DE80",2
"576",623,6002753,5842872,5932558,5285721,5230195,5280218,5345908,5505710,"B006","DE91",2
"577",624,5039879,5308826,5400324,4465479,4913469,4736334,5004150,5427328,"B006","DE92",2
"578",625,8211362,8048669,8234933,8092033,8405261,8344467,8228542,8373407,"B006","DE93",2
"579",626,15235441,15084189,15317009,13749189,13876011,14222197,14587633,14723216,"B006","DE94",2
"580",627,8303797,8457035,8781307,8787930,9521879,8617042,9500151,9837137,"B006","DEA1",2
"581",628,10659036,11175264,11381201,10980276,11009970,9736749,10385073,11072529,"B006","DEA2",2
"582",629,3464071,3584757,3682390,3790957,3950800,3120496,3228526,3359744,"B006","DEA3",2
"583",630,6244712,6308204,6337553,3812919,3785278,3580448,3600684,3691428,"B006","DEA4",2
"584",631,9018589,8908897,9079860,7725293,7847065,6947181,7213341,7553060,"B006","DEA5",2
"585",632,8315060,8374826,8286624,7023684,7288074,6984138,7255544,7953648,"B006","DEB1",2
"586",633,6421728,6391003,6359489,5977860,5854428,5642049,5652540,5720336,"B006","DEB2",2
"587",634,5089910,5152065,5270203,4797549,4888257,4602288,4742660,4958995,"B006","DEB3",2
"588",635,2167380,2152040,2194558,1481269,1462159,1295308,1422474,1513711,"B006","DEC0",2
"589",636,7524556,7779773,8540628,7150191,7095870,7157671,7317826,7752670,"B006","DED2",2
"590",637,4666078,4615493,4626900,3749676,3711626,3702528,3783762,3945859,"B006","DED4",2
"591",638,3042238,3009053,3210852,2700195,2789765,2744127,2962852,3022172,"B006","DED5",2
"592",639,5874270,967281,6414065,5522607,5658678,5723755,5855327,6100215,"B006","DEE0",2
"593",640,22132760,22361555,23044017,20365466,20499566,21016885,21200965,21336567,"B006","DEF0",2
"594",641,8537858,8858366,8731062,7352791,7368410,7290839,7269156,7445097,"B006","DEG0",2
"595",642,6628196,6958200,7331516,7519427,7387969,6933773,7504098,8215682,"B006","DK01",2
"596",643,3074274,3123716,3275749,3346901,3297900,2959541,2819264,2760033,"B006","DK02",2
"597",644,7124188,6983231,7357899,7707078,7968349,7939723,8199896,8243424,"B006","DK03",2
"598",645,4379723,4258188,4370824,4499577,4515685,4231620,4259807,4388644,"B006","DK04",2
"599",646,4912684,4904101,4931062,4994611,4857126,4426806,4363882,4603303,"B006","DK05",2
"600",647,3757715,4111577,4543330,4674501,4602212,4122526,4700680,5399392,"B006","EE00",2
"601",648,5907270,6149738,6772536,7706563,7315351,7474861,7169313,7362512,"B006","GR40",2
"602",650,13696547,12768980,13172260,14690087,14546143,18372194,19187454,20802616,"B006","GR42",2
"603",651,13159757,12499798,13469216,15324936,15729316,19187154,19879156,21765012,"B006","GR43",2
"604",661,9191098,9003471,9141195,9409227,9175581,8866204,9654775,8538669,"B006","ES11",2
"605",662,4040982,4602595,4927821,4967304,4523227,4486497,4552217,4618127,"B006","ES12",2
"606",663,3984405,4452910,4748953,4525454,4289752,4478407,4366918,4298005,"B006","ES13",2
"607",664,4022385,4330894,4728840,4743195,4642321,4635002,5032116,5528954,"B006","ES21",2
"608",665,1904342,2118961,2277685,2186186,2215738,2158576,2202709,2466202,"B006","ES22",2
"609",666,1120690,1167088,1329191,1320443,1346935,1352576,1358967,1434782,"B006","ES23",2
"610",667,5360519,5522160,5930207,6280083,7007159,5819572,6088582,6013092,"B006","ES24",2
"611",668,14942625,16584935,18251589,19660122,18926093,18280731,20665848,22279681,"B006","ES30",2
"612",669,8349368,8488332,9372530,9962781,9848627,9535530,9470106,9466969,"B006","ES41",2
"613",670,3714745,4005777,4277669,4629100,4563707,4318046,4350225,4203769,"B006","ES42",2
"614",671,2185793,2178929,2535993,2706403,2713577,2703638,2656021,2884548,"B006","ES43",2
"615",672,58124216,60604372,63409902,63399740,63199942,60954363,65106850,69301704,"B006","ES51",2
"616",673,35862548,37125458,39048464,39787171,38105312,35821372,36491056,37740672,"B006","ES52",2
"617",674,58506798,60213255,63453752,62166198,60637827,55358331,58211928,64271326,"B006","ES53",2
"618",675,48725521,51411992,53875106,54675767,54277991,50198859,50620618,52160794,"B006","ES61",2
"619",676,4948997,4986151,4918031,5294990,5061894,4556905,4634742,4573452,"B006","ES62",2
"620",679,79037004,76324084,86781961,85904577,85015211,74753527,79123230,89798978,"B006","ES70",2
"621",680,3632951,3719007,3874033,4075289,4114680,3961538,4115017,4158126,"B006","FI19",2
"622",681,3893556,4039603,4352332,4596333,4742367,4468786,4856835,5194606,"B006","FI1B",2
"623",682,2764856,2855012,3055593,3174401,3170281,2984620,3013145,3213509,"B006","FI1C",2
"624",683,5878889,6193297,6450557,6762071,6985724,6736802,6857807,6994805,"B006","FI1D",2
"625",684,456338,452118,436354,428571,452568,415592,405253,426825,"B006","FI20",2
"626",685,59674027,62565134,63105173,68677853,67528487,63638435,73958172,77403960,"B006","FR10",2
"627",686,3286541,3396399,3292166,3347560,3360208,3224249,3484641,3668441,"B006","FR21",2
"628",687,3167081,3503786,3538081,3446409,3452360,3673539,4934881,5151236,"B006","FR22",2
"629",688,3676116,3640008,3538664,3436307,3531917,3446442,4742082,4870454,"B006","FR23",2
"630",689,7398476,7564291,7429204,7486620,7564041,7311107,9074769,9187317,"B006","FR24",2
"631",690,7465470,7035209,7288590,7284914,7136155,7212236,8790113,8701972,"B006","FR25",2
"632",691,5910836,6166266,5957118,5961625,5969794,5860506,6352193,6503400,"B006","FR26",2
"633",692,6977713,6677648,6901879,6804154,6807952,6337878,7065453,7214671,"B006","FR30",2
"634",693,4572459,4538088,4514806,4618511,4531246,4467208,6026719,5921230,"B006","FR41",2
"635",694,6859870,6772660,6436912,6588825,6612599,6736283,7995094,8443259,"B006","FR42",2
"636",695,3258284,3306334,3095874,3059979,3123821,3264511,4052554,3958575,"B006","FR43",2
"637",696,15205551,15394007,15967858,15793027,15936422,15789928,19440199,19846149,"B006","FR51",2
"638",697,16403048,16145246,16645211,15779376,15301471,15502657,19106413,19428533,"B006","FR52",2
"639",698,10983699,11052437,11095113,10995808,11055640,11173172,13214900,13684810,"B006","FR53",2
"640",699,20596022,20771854,21708395,21376576,21239290,21721847,29680364,30803662,"B006","FR61",2
"641",700,13575484,13752150,13863482,13591233,14483670,13212616,17396067,17580528,"B006","FR62",2
"642",701,2079246,2145192,2177012,2055095,2080535,2101657,2618344,2691986,"B006","FR63",2
"643",702,25202709,25742463,25730866,25671871,25720657,25335950,48544357,47847618,"B006","FR71",2
"644",703,5297044,5413734,5217893,4894640,4975259,5043645,6475964,6495039,"B006","FR72",2
"645",704,23491268,23403070,23670822,24383675,24624646,25216754,32784928,33589653,"B006","FR81",2
"646",705,32469338,34822817,34427420,35125884,35154952,34117544,52666923,55265601,"B006","FR82",2
"647",706,5467140,6122194,6384444,6240956,6186201,6532007,9083320,8802647,"B006","FR83",2
"648",712,34232215,35380464,35252998,36056269,36185521,35341784,34915552,37058026,"B006","HR03",2
"649",713,1759256,1911984,2091624,2262569,2346551,2142837,2093630,2192764,"B006","HR04",2
"650",714,6586306,7041143,6664181,6833136,6691447,6240216,6513308,7030658,"B006","HU10",2
"651",715,2289498,2433313,2343054,2400212,2256155,2126842,2097976,2045864,"B006","HU21",2
"652",716,3590864,3676727,3772570,3896780,4041252,3962837,4281664,4351246,"B006","HU22",2
"653",717,2249126,2256163,2258464,2281133,2268607,2075975,1858431,1643208,"B006","HU23",2
"654",718,1460190,1493157,1533103,1535105,1540998,1440708,1409932,1522431,"B006","HU31",2
"655",719,1695869,1735303,1977898,2055311,2011800,1802810,1813097,1687804,"B006","HU32",2
"656",720,1027630,1101552,1102756,1126857,1164155,1060358,1056326,1153703,"B006","HU33",2
"657",723,2133630,2189208,2411246,2602054,2673060,2863922,2937274,3172441,"B006","IS00",2
"658",724,9342471,10179127,11063326,10317171,11558330,11593822,12365022,12845074,"B006","ITC1",2
"659",725,3198211,3188648,3207724,3106584,3113340,3133921,3107827,3126165,"B006","ITC2",2
"660",726,14214124,13832991,14212325,14170265,14130514,13952944,13754235,14060622,"B006","ITC3",2
"661",727,26473149,26494968,27021759,28648519,28303505,29456808,31126864,33123562,"B006","ITC4",2
"662",728,6933216,6853114,7449579,7374646,7560476,6653927,7306951,7422437,"B006","ITF1",2
"663",729,754964,747805,742536,652171,659205,602526,559245,680523,"B006","ITF2",2
"664",730,19907514,19206477,19145883,19774742,18722386,17942458,18556993,19554988,"B006","ITF3",2
"665",731,10395189,10829774,10320781,11481603,12183376,12509693,12982987,13505731,"B006","ITF4",2
"666",732,1922098,1954865,1743680,1856789,1862373,1888718,1890108,1963474,"B006","ITF5",2
"667",733,7701394,7838849,8155053,8731335,8493339,8454728,8147269,8548275,"B006","ITF6",2
"668",734,13351037,13721380,14574524,14602145,13938319,13765339,13503839,14057897,"B006","ITG1",2
"669",735,10303418,10208792,10530940,11851213,12293922,12310384,12172923,11448683,"B006","ITG2",2
"670",736,25698308,26139024,26400389,27293308,27699447,28067592,28568205,28872461,"B006","ITH1",2
"671",737,13848755,14495715,14589041,14703083,14873012,15235186,15191244,15287619,"B006","ITH2",2
"672",738,54559238,56725302,59359084,61529573,60607073,60444395,60820311,63401304,"B006","ITH3",2
"673",739,8568595,8391287,8483114,8734021,8878927,8833753,8665896,8949565,"B006","ITH4",2
"674",740,36287912,36219769,37469142,38174466,38361397,38188724,37674889,38619332,"B006","ITH5",2
"675",741,35454949,37960671,40943455,41695840,41261956,40971354,42031975,43684791,"B006","ITI1",2
"676",742,5753804,5820925,6137303,6252102,6011326,5584081,5626727,6037002,"B006","ITI2",2
"677",743,12853376,12497502,13048927,13584582,11478362,10701166,10792486,11024248,"B006","ITI3",2
"678",744,28094505,31709665,32166213,32107593,31676127,30470858,30696554,30680979,"B006","ITI4",2
"679",746,2167879,2622957,2935729,3263661,3249339,2548114,2792135,3266858,"B006","LT00",2
"680",747,2721730,2682040,2611142,2527820,2432004,2256166,1859564,2237724,"B006","LU00",2
"681",748,2065904,2634207,3113846,3324690,3501063,2543111,2834104,3294232,"B006","LV00",2
"682",751,7737121,7567827,7405218,8082229,7917563,6903106,7560834,7681557,"B006","MT00",2
"683",752,1192700,1148700,1402000,1346000,1320200,1485900,1182700,1208300,"B006","NL11",2
"684",753,4851200,4556400,4625300,4744500,4556100,5142200,4749100,4737900,"B006","NL12",2
"685",754,4976600,4787600,5665900,5656700,5644400,5776600,5724000,5225300,"B006","NL13",2
"686",755,5531500,5404900,5061800,5179400,5343200,5575000,5252100,5443000,"B006","NL21",2
"687",756,9109700,9661800,9440200,10181500,9812800,9538900,9501300,9499200,"B006","NL22",2
"688",757,1477100,1580900,1669100,1641900,1647000,1709700,1622300,1333300,"B006","NL23",2
"689",758,1926400,2320300,2406700,2410200,2420400,2370700,2185400,2381300,"B006","NL31",2
"690",759,17249800,17654500,19194600,19835000,18682200,18882100,20196900,20324400,"B006","NL32",2
"691",760,7561500,7423900,7942000,8642100,8578300,8332100,8212900,8334600,"B006","NL33",2
"692",761,8326600,7577500,8182800,9115200,7478500,7648300,8033900,8029000,"B006","NL34",2
"693",762,8934700,8229500,8217400,9031900,8936900,8371000,8774100,9063500,"B006","NL41",2
"694",763,9774700,9814500,10135400,10482400,10032300,9683000,9438200,9788800,"B006","NL42",2
"695",764,4238855,4809614,4745740,5004396,4885552,4810902,5149327,5414462,"B006","NO01",2
"696",765,4096703,4302511,4280554,4363538,4294081,4315364,4195224,3941669,"B006","NO02",2
"697",766,4896300,6762561,5108896,5246996,5166501,5083346,5190174,5214372,"B006","NO03",2
"698",767,3048829,3135279,3580960,3755598,3818372,3591692,3697390,3807185,"B006","NO04",2
"699",768,4560053,4725711,5049155,5378005,5443302,5261663,5280571,5364907,"B006","NO05",2
"700",769,1893022,1917112,2050246,2125245,2133766,2138395,2163063,2235709,"B006","NO06",2
"701",770,2540417,2645931,2673030,2769666,2826053,2800726,2843087,3096009,"B006","NO07",2
"702",771,1308377,1367326,1483911,1718950,1864377,1941237,1959656,1980927,"B006","PL11",2
"703",772,4052356,4280733,4491545,4816195,5106840,4936318,5572996,5622981,"B006","PL12",2
"704",773,7081725,7375810,7562642,8014017,7953631,7958504,7973724,8394103,"B006","PL21",2
"705",774,3148096,3811710,4247946,4154790,4333866,4437815,4585385,4584072,"B006","PL22",2
"706",775,1275919,1238665,1286645,1410282,1555548,1602459,1612094,1487661,"B006","PL31",2
"707",776,1338040,1540609,1629396,1814199,1886570,1941953,2059123,2108452,"B006","PL32",2
"708",777,594491,806138,800865,1119254,1072492,1129826,1206889,1248622,"B006","PL33",2
"709",778,792776,586624,841693,942813,907520,862916,903286,901695,"B006","PL34",2
"710",779,2430160,1190923,2577952,2715128,3022100,2789527,3060711,3012320,"B006","PL41",2
"711",780,8888396,2492288,9115675,9564232,10033801,9766489,9445058,9928007,"B006","PL42",2
"712",781,1182930,9064907,1271271,1435725,1524694,1307148,1319987,1333716,"B006","PL43",2
"713",782,4699439,4705632,4888524,5268222,5229121,4762517,4814319,4998693,"B006","PL51",2
"714",783,485812,497556,523867,584917,635988,570653,552041,568663,"B006","PL52",2
"715",784,2168519,2395374,2659138,2830316,2892903,2838606,2668695,2818779,"B006","PL61",2
"716",785,2068044,5249226,2279662,2407709,2459639,2372186,2407502,2470096,"B006","PL62",2
"717",786,5142047,2014893,5574233,6156973,6166428,5801913,5653001,5689466,"B006","PL63",2
"718",787,4429699,4763876,5136348,5456433,5353260,5278202,5380160,5479709,"B006","PT11",2
"719",788,15175219,15763019,16179537,16692909,16244877,14897142,15060855,15859200,"B006","PT15",2
"720",789,5391515,5579603,5886494,6194906,6201555,5981664,6110056,5988216,"B006","PT16",2
"721",790,8199366,8350929,9377199,10228516,10039073,9483048,10233296,10721696,"B006","PT17",2
"722",791,1935608,1907773,1914292,2104127,2041087,2123015,2118147,2134211,"B006","PT18",2
"723",794,2221119,2290196,2362911,2549490,2536890,2098589,1884543,2083679,"B006","RO11",2
"724",795,2664724,2782126,2930392,3177434,3152080,2665298,2719381,3311637,"B006","RO12",2
"725",796,1489903,1435848,1599057,1691905,1676761,1509550,1372623,1556366,"B006","RO21",2
"726",797,5397206,5139161,4853718,5294207,5317647,4423728,3734288,4050309,"B006","RO22",2
"727",798,1781940,1807218,1940531,2175482,2115893,1674366,1564697,1678760,"B006","RO31",2
"728",799,1359160,1481256,1657978,2024483,2212892,1835779,1980397,2129626,"B006","RO32",2
"729",801,1938828,1835311,2006179,2006852,1983650,1676496,1504943,1682795,"B006","RO42",2
"730",802,7673813,8289833,8859199,9323565,9385578,9371623,10010623,10405413,"B006","SE11",2
"731",803,4541379,4790074,5164164,5312662,4982055,4944234,5065059,5242725,"B006","SE12",2
"732",804,4801114,5199913,5387029,5465350,4857432,5260102,5199264,5063848,"B006","SE21",2
"733",805,5088231,5109913,5526478,5519864,5012245,5134884,5139273,5268621,"B006","SE22",2
"734",806,9150333,9428262,9970101,10032428,9901690,10284814,10148335,10305701,"B006","SE23",2
"735",807,5977731,6460579,6737819,6709942,6286669,6302375,6437564,6093379,"B006","SE31",2
"736",808,2407682,2496656,2644757,2689938,2693128,2662047,2484450,2469280,"B006","SE32",2
"737",809,3025708,3165026,3406999,3551484,3422071,3430897,3415730,3573706,"B006","SE33",2
"738",810,3035889,3075186,3191075,3384890,3855823,3801693,3765892,3917611,"B006","SI03",2
"739",811,4265802,4232481,4257001,4607820,5014325,4754429,4658849,4942717,"B006","SI04",2
"740",812,1430082,1661395,1714114,1750133,1853790,1571725,1566174,1738851,"B006","SK01",2
"741",813,2699266,2640523,2696677,2828979,3136192,2639520,2637329,2523691,"B006","SK02",2
"742",814,3499040,3489331,3684167,3806449,4056676,3413655,3435188,3539647,"B006","SK03",2
"743",815,3003571,2830047,2916482,3037082,3212457,2627757,2601788,2613448,"B006","SK04",2
"744",816,1442889,1957421,1301904,1474123,2055989,1231412,1363656,1466520,"B006","GBC1",2
"745",817,4121934,4662334,4394742,4910648,4109603,4769325,4181213,3397661,"B006","GBC2",2
"746",818,6078515,8525488,7398523,7969247,6233504,8052835,5997177,5690398,"B006","GBD1",2
"747",819,5200085,5773839,4889999,5929060,5538022,5584957,4750797,4739819,"B006","GBD3",2
"748",820,5990070,8879870,6631996,6975069,5576109,6438735,5261012,4084293,"B006","GBD4",2
"749",821,1842782,1754771,2177336,1925298,2459971,2047020,2268406,1810713,"B006","GBD6",2
"750",822,1618120,2697055,3039305,2428788,2653198,2305806,2133365,3260329,"B006","GBD7",2
"751",823,1499620,2208376,2122966,1602250,1572039,2433838,1826124,1796912,"B006","GBE1",2
"752",824,7631252,10198560,8153085,8811709,8654498,9800916,7179764,8086643,"B006","GBE2",2
"753",825,1270811,1127504,1465307,1013301,1519611,1650857,1604243,1279375,"B006","GBE3",2
"754",826,11121572,3415077,2382606,3015810,2897746,2640412,2343102,3188675,"B006","GBE4",2
"755",827,5012012,5821456,4766275,4782447,5139351,5625982,3930041,5275705,"B006","GBF1",2
"756",828,2458963,2754372,2757695,2428228,2773695,1930052,2170209,3003037,"B006","GBF2",2
"757",829,3779630,5443704,5567522,3810937,4324166,4887747,4534776,4299678,"B006","GBF3",2
"758",830,3735889,4887952,3909748,3575054,3761285,3827054,3360934,3044630,"B006","GBG1",2
"759",831,3199619,3658820,2593032,2744022,3072447,2774747,2759590,2039684,"B006","GBG2",2
"760",832,5486344,5044512,5700466,5102374,4944468,5017709,4109778,4370704,"B006","GBG3",2
"761",833,10145684,14199842,11143277,11917378,10544761,10622021,9475767,9367272,"B006","GBH1",2
"762",834,2001393,2338831,2548570,2961110,2401431,2057130,1811320,2295588,"B006","GBH2",2
"763",835,2855040,2770041,2928137,2603340,2795638,2578168,2366015,1839542,"B006","GBH3",2
"764",838,6679796,7389866,8003418,6311310,7897763,6975760,6203051,8317325,"B006","GBJ1",2
"765",839,8125363,8227281,10375896,10779760,9163147,9941269,8461644,8422751,"B006","GBJ2",2
"766",840,7529750,7909529,7293025,7384396,7431235,9832030,6397537,6202730,"B006","GBJ3",2
"767",841,3396397,4836054,5052126,4461408,4149011,4568622,4049405,4623364,"B006","GBJ4",2
"768",842,6527836,7802963,8058387,8037699,7972218,8690302,6830753,7511946,"B006","GBK1",2
"769",843,9665031,12089542,12377741,13026704,12445175,13496470,10299486,8953437,"B006","GBK2",2
"770",844,10526653,13034185,13221980,11631927,10430175,12828446,9308525,9058663,"B006","GBK3",2
"771",845,10578604,15785739,12835092,11935257,10204940,11337176,9930320,9097939,"B006","GBK4",2
"772",846,11407035,16205352,4379697,11929199,13169439,12407007,10905110,10936878,"B006","GBL1",2
"773",847,3378215,5665896,14116248,3630410,4695960,3675061,3212753,3515025,"B006","GBL2",2
"774",848,11283040,14311796,12705754,13506848,12144782,11344102,12035210,11123705,"B006","GBM2",2
"775",849,6217279,9878735,7596277,9381693,7324959,8063232,7138000,5930551,"B006","GBM3",2
"776",850,1815784,2605057,2312822,2154982,2004795,2152997,1559058,2028823,"B006","GBM5",2
"777",851,6880876,9635931,9158410,8642879,7365299,8148308,7080105,6421619,"B006","GBM6",2
"778",852,2179646,2541846,2091112,2604910,2459402,2475001,2830668,2688433,"B006","GBN0",2
